Activity / Initiative,"Q1 (Jan-Mar)","Q2 (Apr-Jun)","Q3 (Jul-Sep)","Q4 (Oct-Dec)"
Phase 1: Foundation & Setup, , , ,
"Finalize ""Ustad"" & ""Partner"" Program Details",X, , ,
"Onboard Anwar Khan Modern Medical",X, , ,
"Develop ""Furfura"" Campaign Creative",X, , ,
"Recruit ""Green Shield"" B2B Team",X, , ,
 , , , ,
Phase 2: Summer Campaign Launch & Activation, , , ,
"Launch ""Jibon Ekhon Furfura"" Ads (TV/Digital)", ,X, ,
"Roll out ""Anwar Ustad"" & ""Partner"" Programs", ,X, ,
"Begin B2B Outreach (LEED & Green Projects)", ,X,X,
 , , , ,
Phase 3: Acceleration & Optimization, , , ,
"Host First Regional ""Ustad"" Recognition Events", , ,X,
"Intensify Poultry & Dairy Sector Push", , ,X,X
"Analyze Mid-Year Data & Refine Strategy", , ,X,
"Plan for Year 2 Expansion", , , ,X
